locn_id,locn_name,x,y,attr_1,attr_2
0,A,1.714790313,39.40147783,10000,0
1,B,32.11066003,8.022083279,8000,0
2,C,9.270125114,27.95940573,12000,0
3,X,34.28246904,10.57831397,20000,0
4,Y,37.01988214,21.77007557,15000,0
5,Z,44.08198088,30.65283399,10000,0

